,name,type,plus,vs_max,vs_detail
8,ChainMail,armor,0,0,
9,ChainMail+1,armor,0,0,
10,ChainMail+2,armor,0,0,
11,ChainMail+3,armor,0,0,
5,CursedChainMail,armor,0,0,
4,CursedLeatherArmor,armor,0,0,
6,CursedPlateMail,armor,0,0,
0,LeatherArmor,armor,0,0,
1,LeatherArmor+1,armor,0,0,
2,LeatherArmor+2,armor,0,0,
3,LeatherArmor+3,armor,0,0,
12,PlateMail,armor,0,0,
13,PlateMail+1,armor,0,0,
14,PlateMail+2,armor,0,0,
15,PlateMail+3,armor,0,0,
980,CharmingClub+5,bludgeoning,5,0,
846,CharmingMace+5,bludgeoning,5,0,
913,CharmingMaul+5,bludgeoning,5,0,
1047,CharmingQuarterstaff+5,bludgeoning,5,0,
1181,CharmingSling+5,bludgeoning,5,0,
779,CharmingWarhammer+5,bludgeoning,5,0,
994,Club+5,bludgeoning,5,0,
970,DrainingClub+5,bludgeoning,5,0,
836,DrainingMace+5,bludgeoning,5,0,
903,DrainingMaul+5,bludgeoning,5,0,
1037,DrainingQuarterstaff+5,bludgeoning,5,0,
1171,DrainingSling+5,bludgeoning,5,0,
769,DrainingWarhammer+5,bludgeoning,5,0,
965,FlamingClub+5,bludgeoning,5,0,
831,FlamingMace+5,bludgeoning,5,0,
898,FlamingMaul+5,bludgeoning,5,0,
1032,FlamingQuarterstaff+5,bludgeoning,5,0,
1166,FlamingSling+5,bludgeoning,5,0,
764,FlamingWarhammer+5,bludgeoning,5,0,
985,LightClub+5,bludgeoning,5,0,
851,LightMace+5,bludgeoning,5,0,
918,LightMaul+5,bludgeoning,5,0,
1052,LightQuarterstaff+5,bludgeoning,5,0,
1186,LightSling+5,bludgeoning,5,0,
784,LightWarhammer+5,bludgeoning,5,0,
860,Mace+5,bludgeoning,5,0,
927,Maul+5,bludgeoning,5,0,
1061,Quarterstaff+5,bludgeoning,5,0,
975,SeekerClub+5,bludgeoning,5,0,
841,SeekerMace+5,bludgeoning,5,0,
908,SeekerMaul+5,bludgeoning,5,0,
1042,SeekerQuarterstaff+5,bludgeoning,5,0,
1176,SeekerSling+5,bludgeoning,5,0,
774,SeekerWarhammer+5,bludgeoning,5,0,
1195,Sling+5,bludgeoning,5,0,
793,Warhammer+5,bludgeoning,5,0,
990,WishClub+5,bludgeoning,5,0,
856,WishMace+5,bludgeoning,5,0,
923,WishMaul+5,bludgeoning,5,0,
1057,WishQuarterstaff+5,bludgeoning,5,0,
1191,WishSling+5,bludgeoning,5,0,
789,WishWarhammer+5,bludgeoning,5,0,
979,CharmingClub+4,bludgeoning,4,0,
845,CharmingMace+4,bludgeoning,4,0,
912,CharmingMaul+4,bludgeoning,4,0,
1046,CharmingQuarterstaff+4,bludgeoning,4,0,
1180,CharmingSling+4,bludgeoning,4,0,
778,CharmingWarhammer+4,bludgeoning,4,0,
993,Club+4,bludgeoning,4,0,
969,DrainingClub+4,bludgeoning,4,0,
835,DrainingMace+4,bludgeoning,4,0,
902,DrainingMaul+4,bludgeoning,4,0,
1036,DrainingQuarterstaff+4,bludgeoning,4,0,
1170,DrainingSling+4,bludgeoning,4,0,
768,DrainingWarhammer+4,bludgeoning,4,0,
964,FlamingClub+4,bludgeoning,4,0,
830,FlamingMace+4,bludgeoning,4,0,
897,FlamingMaul+4,bludgeoning,4,0,
1031,FlamingQuarterstaff+4,bludgeoning,4,0,
1165,FlamingSling+4,bludgeoning,4,0,
763,FlamingWarhammer+4,bludgeoning,4,0,
984,LightClub+4,bludgeoning,4,0,
850,LightMace+4,bludgeoning,4,0,
917,LightMaul+4,bludgeoning,4,0,
1051,LightQuarterstaff+4,bludgeoning,4,0,
1185,LightSling+4,bludgeoning,4,0,
783,LightWarhammer+4,bludgeoning,4,0,
859,Mace+4,bludgeoning,4,0,
926,Maul+4,bludgeoning,4,0,
1060,Quarterstaff+4,bludgeoning,4,0,
974,SeekerClub+4,bludgeoning,4,0,
840,SeekerMace+4,bludgeoning,4,0,
907,SeekerMaul+4,bludgeoning,4,0,
1041,SeekerQuarterstaff+4,bludgeoning,4,0,
1175,SeekerSling+4,bludgeoning,4,0,
773,SeekerWarhammer+4,bludgeoning,4,0,
1194,Sling+4,bludgeoning,4,0,
792,Warhammer+4,bludgeoning,4,0,
989,WishClub+4,bludgeoning,4,0,
855,WishMace+4,bludgeoning,4,0,
922,WishMaul+4,bludgeoning,4,0,
1056,WishQuarterstaff+4,bludgeoning,4,0,
1190,WishSling+4,bludgeoning,4,0,
788,WishWarhammer+4,bludgeoning,4,0,
978,CharmingClub+3,bludgeoning,3,0,
844,CharmingMace+3,bludgeoning,3,0,
911,CharmingMaul+3,bludgeoning,3,0,
1045,CharmingQuarterstaff+3,bludgeoning,3,0,
1179,CharmingSling+3,bludgeoning,3,0,
777,CharmingWarhammer+3,bludgeoning,3,0,
992,Club+3,bludgeoning,3,0,
968,DrainingClub+3,bludgeoning,3,0,
834,DrainingMace+3,bludgeoning,3,0,
901,DrainingMaul+3,bludgeoning,3,0,
1035,DrainingQuarterstaff+3,bludgeoning,3,0,
1169,DrainingSling+3,bludgeoning,3,0,
767,DrainingWarhammer+3,bludgeoning,3,0,
963,FlamingClub+3,bludgeoning,3,0,
829,FlamingMace+3,bludgeoning,3,0,
896,FlamingMaul+3,bludgeoning,3,0,
1030,FlamingQuarterstaff+3,bludgeoning,3,0,
1164,FlamingSling+3,bludgeoning,3,0,
762,FlamingWarhammer+3,bludgeoning,3,0,
983,LightClub+3,bludgeoning,3,0,
849,LightMace+3,bludgeoning,3,0,
916,LightMaul+3,bludgeoning,3,0,
1050,LightQuarterstaff+3,bludgeoning,3,0,
1184,LightSling+3,bludgeoning,3,0,
782,LightWarhammer+3,bludgeoning,3,0,
858,Mace+3,bludgeoning,3,0,
925,Maul+3,bludgeoning,3,0,
1059,Quarterstaff+3,bludgeoning,3,0,
973,SeekerClub+3,bludgeoning,3,0,
839,SeekerMace+3,bludgeoning,3,0,
906,SeekerMaul+3,bludgeoning,3,0,
1040,SeekerQuarterstaff+3,bludgeoning,3,0,
1174,SeekerSling+3,bludgeoning,3,0,
772,SeekerWarhammer+3,bludgeoning,3,0,
1193,Sling+3,bludgeoning,3,0,
791,Warhammer+3,bludgeoning,3,0,
988,WishClub+3,bludgeoning,3,0,
854,WishMace+3,bludgeoning,3,0,
921,WishMaul+3,bludgeoning,3,0,
1055,WishQuarterstaff+3,bludgeoning,3,0,
1189,WishSling+3,bludgeoning,3,0,
787,WishWarhammer+3,bludgeoning,3,0,
977,CharmingClub+2,bludgeoning,2,0,
843,CharmingMace+2,bludgeoning,2,0,
910,CharmingMaul+2,bludgeoning,2,0,
1044,CharmingQuarterstaff+2,bludgeoning,2,0,
1178,CharmingSling+2,bludgeoning,2,0,
776,CharmingWarhammer+2,bludgeoning,2,0,
991,Club+2,bludgeoning,2,0,
967,DrainingClub+2,bludgeoning,2,0,
833,DrainingMace+2,bludgeoning,2,0,
900,DrainingMaul+2,bludgeoning,2,0,
1034,DrainingQuarterstaff+2,bludgeoning,2,0,
1168,DrainingSling+2,bludgeoning,2,0,
766,DrainingWarhammer+2,bludgeoning,2,0,
962,FlamingClub+2,bludgeoning,2,0,
828,FlamingMace+2,bludgeoning,2,0,
895,FlamingMaul+2,bludgeoning,2,0,
1029,FlamingQuarterstaff+2,bludgeoning,2,0,
1163,FlamingSling+2,bludgeoning,2,0,
761,FlamingWarhammer+2,bludgeoning,2,0,
982,LightClub+2,bludgeoning,2,0,
848,LightMace+2,bludgeoning,2,0,
915,LightMaul+2,bludgeoning,2,0,
1049,LightQuarterstaff+2,bludgeoning,2,0,
1183,LightSling+2,bludgeoning,2,0,
781,LightWarhammer+2,bludgeoning,2,0,
857,Mace+2,bludgeoning,2,0,
924,Maul+2,bludgeoning,2,0,
1058,Quarterstaff+2,bludgeoning,2,0,
972,SeekerClub+2,bludgeoning,2,0,
838,SeekerMace+2,bludgeoning,2,0,
905,SeekerMaul+2,bludgeoning,2,0,
1039,SeekerQuarterstaff+2,bludgeoning,2,0,
1173,SeekerSling+2,bludgeoning,2,0,
771,SeekerWarhammer+2,bludgeoning,2,0,
1192,Sling+2,bludgeoning,2,0,
1361,StaffofPower,bludgeoning,2,0,
1363,StaffofWizardry,bludgeoning,2,0,
790,Warhammer+2,bludgeoning,2,0,
987,WishClub+2,bludgeoning,2,0,
853,WishMace+2,bludgeoning,2,0,
920,WishMaul+2,bludgeoning,2,0,
1054,WishQuarterstaff+2,bludgeoning,2,0,
1188,WishSling+2,bludgeoning,2,0,
786,WishWarhammer+2,bludgeoning,2,0,
996,DragonSlayerClub+3,bludgeoning,1,3,dragon+3
862,DragonSlayerMace+3,bludgeoning,1,3,dragon+3
929,DragonSlayerMaul+3,bludgeoning,1,3,dragon+3
1063,DragonSlayerQuarterstaff+3,bludgeoning,1,3,dragon+3
1197,DragonSlayerSling+3,bludgeoning,1,3,dragon+3
795,DragonSlayerWarhammer+3,bludgeoning,1,3,dragon+3
1000,DrainingDragonSlayerClub+3,bludgeoning,1,3,dragon+3
866,DrainingDragonSlayerMace+3,bludgeoning,1,3,dragon+3
933,DrainingDragonSlayerMaul+3,bludgeoning,1,3,dragon+3
1067,DrainingDragonSlayerQuarterstaff+3,bludgeoning,1,3,dragon+3
1201,DrainingDragonSlayerSling+3,bludgeoning,1,3,dragon+3
799,DrainingDragonSlayerWarhammer+3,bludgeoning,1,3,dragon+3
1012,DrainingEnchantedSlayerClub+3,bludgeoning,1,3,enchanted+3
878,DrainingEnchantedSlayerMace+3,bludgeoning,1,3,enchanted+3
945,DrainingEnchantedSlayerMaul+3,bludgeoning,1,3,enchanted+3
1079,DrainingEnchantedSlayerQuarterstaff+3,bludgeoning,1,3,enchanted+3
1213,DrainingEnchantedSlayerSling+3,bludgeoning,1,3,enchanted+3
811,DrainingEnchantedSlayerWarhammer+3,bludgeoning,1,3,enchanted+3
1018,DrainingRegeneratorSlayerClub+3,bludgeoning,1,3,enchanted+3
884,DrainingRegeneratorSlayerMace+3,bludgeoning,1,3,enchanted+3
951,DrainingRegeneratorSlayerMaul+3,bludgeoning,1,3,enchanted+3
1085,DrainingRegeneratorSlayerQuarterstaff+3,bludgeoning,1,3,enchanted+3
1219,DrainingRegeneratorSlayerSling+3,bludgeoning,1,3,enchanted+3
817,DrainingRegeneratorSlayerWarhammer+3,bludgeoning,1,3,enchanted+3
1006,DrainingUndeadSlayerClub+3,bludgeoning,1,3,undead+3
872,DrainingUndeadSlayerMace+3,bludgeoning,1,3,undead+3
939,DrainingUndeadSlayerMaul+3,bludgeoning,1,3,undead+3
1073,DrainingUndeadSlayerQuarterstaff+3,bludgeoning,1,3,undead+3
1207,DrainingUndeadSlayerSling+3,bludgeoning,1,3,undead+3
805,DrainingUndeadSlayerWarhammer+3,bludgeoning,1,3,undead+3
1024,DrainingWereSlayerClub+3,bludgeoning,1,3,lycanthrope+3
890,DrainingWereSlayerMace+3,bludgeoning,1,3,lycanthrope+3
957,DrainingWereSlayerMaul+3,bludgeoning,1,3,lycanthrope+3
1091,DrainingWereSlayerQuarterstaff+3,bludgeoning,1,3,lycanthrope+3
1225,DrainingWereSlayerSling+3,bludgeoning,1,3,lycanthrope+3
823,DrainingWereSlayerWarhammer+3,bludgeoning,1,3,lycanthrope+3
1008,EnchantedSlayerClub+3,bludgeoning,1,3,enchanted+3
874,EnchantedSlayerMace+3,bludgeoning,1,3,enchanted+3
941,EnchantedSlayerMaul+3,bludgeoning,1,3,enchanted+3
1075,EnchantedSlayerQuarterstaff+3,bludgeoning,1,3,enchanted+3
1209,EnchantedSlayerSling+3,bludgeoning,1,3,enchanted+3
807,EnchantedSlayerWarhammer+3,bludgeoning,1,3,enchanted+3
998,FlamingDragonSlayerClub+3,bludgeoning,1,3,dragon+3
864,FlamingDragonSlayerMace+3,bludgeoning,1,3,dragon+3
931,FlamingDragonSlayerMaul+3,bludgeoning,1,3,dragon+3
1065,FlamingDragonSlayerQuarterstaff+3,bludgeoning,1,3,dragon+3
1199,FlamingDragonSlayerSling+3,bludgeoning,1,3,dragon+3
797,FlamingDragonSlayerWarhammer+3,bludgeoning,1,3,dragon+3
1010,FlamingEnchantedSlayerClub+3,bludgeoning,1,3,enchanted+3
876,FlamingEnchantedSlayerMace+3,bludgeoning,1,3,enchanted+3
943,FlamingEnchantedSlayerMaul+3,bludgeoning,1,3,enchanted+3
1077,FlamingEnchantedSlayerQuarterstaff+3,bludgeoning,1,3,enchanted+3
1211,FlamingEnchantedSlayerSling+3,bludgeoning,1,3,enchanted+3
809,FlamingEnchantedSlayerWarhammer+3,bludgeoning,1,3,enchanted+3
1016,FlamingRegeneratorSlayerClub+3,bludgeoning,1,3,ooze+3
882,FlamingRegeneratorSlayerMace+3,bludgeoning,1,3,ooze+3
949,FlamingRegeneratorSlayerMaul+3,bludgeoning,1,3,ooze+3
1083,FlamingRegeneratorSlayerQuarterstaff+3,bludgeoning,1,3,ooze+3
1217,FlamingRegeneratorSlayerSling+3,bludgeoning,1,3,ooze+3
815,FlamingRegeneratorSlayerWarhammer+3,bludgeoning,1,3,ooze+3
1004,FlamingUndeadSlayerClub+3,bludgeoning,1,3,undead+3
870,FlamingUndeadSlayerMace+3,bludgeoning,1,3,undead+3
937,FlamingUndeadSlayerMaul+3,bludgeoning,1,3,undead+3
1071,FlamingUndeadSlayerQuarterstaff+3,bludgeoning,1,3,undead+3
1205,FlamingUndeadSlayerSling+3,bludgeoning,1,3,undead+3
803,FlamingUndeadSlayerWarhammer+3,bludgeoning,1,3,undead+3
1022,FlamingWereSlayerClub+3,bludgeoning,1,3,lycanthrope+3
888,FlamingWereSlayerMace+3,bludgeoning,1,3,lycanthrope+3
1089,FlamingWereSlayerQuarterstaff+3,bludgeoning,1,3,lycanthrope+3
1223,FlamingWereSlayerSling+3,bludgeoning,1,3,lycanthrope+3
821,FlamingWereSlayerWarhammer+3,bludgeoning,1,3,lycanthrope+3
1014,RegeneratorSlayerClub+3,bludgeoning,1,3,ooze+3
880,RegeneratorSlayerMace+3,bludgeoning,1,3,ooze+3
947,RegeneratorSlayerMaul+3,bludgeoning,1,3,ooze+3
1081,RegeneratorSlayerQuarterstaff+3,bludgeoning,1,3,ooze+3
1215,RegeneratorSlayerSling+3,bludgeoning,1,3,ooze+3
813,RegeneratorSlayerWarhammer+3,bludgeoning,1,3,ooze+3
1002,UndeadSlayerClub+3,bludgeoning,1,3,undead+3
868,UndeadSlayerMace+3,bludgeoning,1,3,undead+3
935,UndeadSlayerMaul+3,bludgeoning,1,3,undead+3
1069,UndeadSlayerQuarterstaff+3,bludgeoning,1,3,undead+3
1203,UndeadSlayerSling+3,bludgeoning,1,3,undead+3
801,UndeadSlayerWarhammer+3,bludgeoning,1,3,undead+3
1020,WereSlayerClub+3,bludgeoning,1,3,lycanthrope+3
886,WereSlayerMace+3,bludgeoning,1,3,lycanthrope+3
953,WereSlayerMaul+3,bludgeoning,1,3,lycanthrope+3
1087,WereSlayerQuarterstaff+3,bludgeoning,1,3,lycanthrope+3
1221,WereSlayerSling+3,bludgeoning,1,3,lycanthrope+3
819,WereSlayerWarhammer+3,bludgeoning,1,3,lycanthrope+3
995,DragonSlayerClub+2,bludgeoning,1,2,dragon+2
861,DragonSlayerMace+2,bludgeoning,1,2,dragon+2
928,DragonSlayerMaul+2,bludgeoning,1,2,dragon+2
1062,DragonSlayerQuarterstaff+2,bludgeoning,1,2,dragon+2
1196,DragonSlayerSling+2,bludgeoning,1,2,dragon+2
794,DragonSlayerWarhammer+2,bludgeoning,1,2,dragon+2
999,DrainingDragonSlayerClub+2,bludgeoning,1,2,dragon+2
865,DrainingDragonSlayerMace+2,bludgeoning,1,2,dragon+2
932,DrainingDragonSlayerMaul+2,bludgeoning,1,2,dragon+2
1066,DrainingDragonSlayerQuarterstaff+2,bludgeoning,1,2,dragon+2
1200,DrainingDragonSlayerSling+2,bludgeoning,1,2,dragon+2
798,DrainingDragonSlayerWarhammer+2,bludgeoning,1,2,dragon+2
1011,DrainingEnchantedSlayerClub+2,bludgeoning,1,2,enchanted+2
877,DrainingEnchantedSlayerMace+2,bludgeoning,1,2,enchanted+2
944,DrainingEnchantedSlayerMaul+2,bludgeoning,1,2,enchanted+2
1078,DrainingEnchantedSlayerQuarterstaff+2,bludgeoning,1,2,enchanted+2
1212,DrainingEnchantedSlayerSling+2,bludgeoning,1,2,enchanted+2
810,DrainingEnchantedSlayerWarhammer+2,bludgeoning,1,2,enchanted+2
1017,DrainingRegeneratorSlayerClub+2,bludgeoning,1,2,enchanted+2
883,DrainingRegeneratorSlayerMace+2,bludgeoning,1,2,enchanted+2
950,DrainingRegeneratorSlayerMaul+2,bludgeoning,1,2,enchanted+2
1084,DrainingRegeneratorSlayerQuarterstaff+2,bludgeoning,1,2,enchanted+2
1218,DrainingRegeneratorSlayerSling+2,bludgeoning,1,2,enchanted+2
816,DrainingRegeneratorSlayerWarhammer+2,bludgeoning,1,2,enchanted+2
1005,DrainingUndeadSlayerClub+2,bludgeoning,1,2,undead+2
871,DrainingUndeadSlayerMace+2,bludgeoning,1,2,undead+2
938,DrainingUndeadSlayerMaul+2,bludgeoning,1,2,undead+2
1072,DrainingUndeadSlayerQuarterstaff+2,bludgeoning,1,2,undead+2
1206,DrainingUndeadSlayerSling+2,bludgeoning,1,2,undead+2
804,DrainingUndeadSlayerWarhammer+2,bludgeoning,1,2,undead+2
1023,DrainingWereSlayerClub+2,bludgeoning,1,2,lycanthrope+2
889,DrainingWereSlayerMace+2,bludgeoning,1,2,lycanthrope+2
956,DrainingWereSlayerMaul+2,bludgeoning,1,2,lycanthrope+2
1090,DrainingWereSlayerQuarterstaff+2,bludgeoning,1,2,lycanthrope+2
1224,DrainingWereSlayerSling+2,bludgeoning,1,2,lycanthrope+2
822,DrainingWereSlayerWarhammer+2,bludgeoning,1,2,lycanthrope+2
1007,EnchantedSlayerClub+2,bludgeoning,1,2,enchanted+2
873,EnchantedSlayerMace+2,bludgeoning,1,2,enchanted+2
940,EnchantedSlayerMaul+2,bludgeoning,1,2,enchanted+2
1074,EnchantedSlayerQuarterstaff+2,bludgeoning,1,2,enchanted+2
1208,EnchantedSlayerSling+2,bludgeoning,1,2,enchanted+2
806,EnchantedSlayerWarhammer+2,bludgeoning,1,2,enchanted+2
997,FlamingDragonSlayerClub+2,bludgeoning,1,2,dragon+2
863,FlamingDragonSlayerMace+2,bludgeoning,1,2,dragon+2
930,FlamingDragonSlayerMaul+2,bludgeoning,1,2,dragon+2
1064,FlamingDragonSlayerQuarterstaff+2,bludgeoning,1,2,dragon+2
1198,FlamingDragonSlayerSling+2,bludgeoning,1,2,dragon+2
796,FlamingDragonSlayerWarhammer+2,bludgeoning,1,2,dragon+2
1009,FlamingEnchantedSlayerClub+2,bludgeoning,1,2,enchanted+2
875,FlamingEnchantedSlayerMace+2,bludgeoning,1,2,enchanted+2
942,FlamingEnchantedSlayerMaul+2,bludgeoning,1,2,enchanted+2
1076,FlamingEnchantedSlayerQuarterstaff+2,bludgeoning,1,2,enchanted+2
1210,FlamingEnchantedSlayerSling+2,bludgeoning,1,2,enchanted+2
808,FlamingEnchantedSlayerWarhammer+2,bludgeoning,1,2,enchanted+2
1015,FlamingRegeneratorSlayerClub+2,bludgeoning,1,2,ooze+2
881,FlamingRegeneratorSlayerMace+2,bludgeoning,1,2,ooze+2
948,FlamingRegeneratorSlayerMaul+2,bludgeoning,1,2,ooze+2
1082,FlamingRegeneratorSlayerQuarterstaff+2,bludgeoning,1,2,ooze+2
1216,FlamingRegeneratorSlayerSling+2,bludgeoning,1,2,ooze+2
814,FlamingRegeneratorSlayerWarhammer+2,bludgeoning,1,2,ooze+2
1003,FlamingUndeadSlayerClub+2,bludgeoning,1,2,undead+2
869,FlamingUndeadSlayerMace+2,bludgeoning,1,2,undead+2
936,FlamingUndeadSlayerMaul+2,bludgeoning,1,2,undead+2
1070,FlamingUndeadSlayerQuarterstaff+2,bludgeoning,1,2,undead+2
1204,FlamingUndeadSlayerSling+2,bludgeoning,1,2,undead+2
802,FlamingUndeadSlayerWarhammer+2,bludgeoning,1,2,undead+2
1021,FlamingWereSlayerClub+2,bludgeoning,1,2,lycanthrope+2
887,FlamingWereSlayerMace+2,bludgeoning,1,2,lycanthrope+2
954,FlamingWereSlayerMaul+2,bludgeoning,1,2,lycanthrope+2
1088,FlamingWereSlayerQuarterstaff+2,bludgeoning,1,2,lycanthrope+2
1222,FlamingWereSlayerSling+2,bludgeoning,1,2,lycanthrope+2
820,FlamingWereSlayerWarhammer+2,bludgeoning,1,2,lycanthrope+2
1013,RegeneratorSlayerClub+2,bludgeoning,1,2,ooze+2
879,RegeneratorSlayerMace+2,bludgeoning,1,2,ooze+2
946,RegeneratorSlayerMaul+2,bludgeoning,1,2,ooze+2
1080,RegeneratorSlayerQuarterstaff+2,bludgeoning,1,2,ooze+2
1214,RegeneratorSlayerSling+2,bludgeoning,1,2,ooze+2
812,RegeneratorSlayerWarhammer+2,bludgeoning,1,2,ooze+2
1001,UndeadSlayerClub+2,bludgeoning,1,2,undead+2
867,UndeadSlayerMace+2,bludgeoning,1,2,undead+2
934,UndeadSlayerMaul+2,bludgeoning,1,2,undead+2
1068,UndeadSlayerQuarterstaff+2,bludgeoning,1,2,undead+2
1202,UndeadSlayerSling+2,bludgeoning,1,2,undead+2
800,UndeadSlayerWarhammer+2,bludgeoning,1,2,undead+2
1019,WereSlayerClub+2,bludgeoning,1,2,lycanthrope+2
885,WereSlayerMace+2,bludgeoning,1,2,lycanthrope+2
952,WereSlayerMaul+2,bludgeoning,1,2,lycanthrope+2
1086,WereSlayerQuarterstaff+2,bludgeoning,1,2,lycanthrope+2
1220,WereSlayerSling+2,bludgeoning,1,2,lycanthrope+2
818,WereSlayerWarhammer+2,bludgeoning,1,2,lycanthrope+2
976,CharmingClub+1,bludgeoning,1,0,
842,CharmingMace+1,bludgeoning,1,0,
909,CharmingMaul+1,bludgeoning,1,0,
1043,CharmingQuarterstaff+1,bludgeoning,1,0,
1177,CharmingSling+1,bludgeoning,1,0,
775,CharmingWarhammer+1,bludgeoning,1,0,
958,Club+1,bludgeoning,1,0,
966,DrainingClub+1,bludgeoning,1,0,
832,DrainingMace+1,bludgeoning,1,0,
899,DrainingMaul+1,bludgeoning,1,0,
1033,DrainingQuarterstaff+1,bludgeoning,1,0,
1167,DrainingSling+1,bludgeoning,1,0,
765,DrainingWarhammer+1,bludgeoning,1,0,
961,FlamingClub+1,bludgeoning,1,0,
827,FlamingMace+1,bludgeoning,1,0,
894,FlamingMaul+1,bludgeoning,1,0,
1028,FlamingQuarterstaff+1,bludgeoning,1,0,
1162,FlamingSling+1,bludgeoning,1,0,
760,FlamingWarhammer+1,bludgeoning,1,0,
981,LightClub+1,bludgeoning,1,0,
847,LightMace+1,bludgeoning,1,0,
914,LightMaul+1,bludgeoning,1,0,
1048,LightQuarterstaff+1,bludgeoning,1,0,
1182,LightSling+1,bludgeoning,1,0,
780,LightWarhammer+1,bludgeoning,1,0,
824,Mace+1,bludgeoning,1,0,
891,Maul+1,bludgeoning,1,0,
1025,Quarterstaff+1,bludgeoning,1,0,
971,SeekerClub+1,bludgeoning,1,0,
837,SeekerMace+1,bludgeoning,1,0,
904,SeekerMaul+1,bludgeoning,1,0,
1038,SeekerQuarterstaff+1,bludgeoning,1,0,
1172,SeekerSling+1,bludgeoning,1,0,
770,SeekerWarhammer+1,bludgeoning,1,0,
1159,Sling+1,bludgeoning,1,0,
1360,SnakeStaff,bludgeoning,1,0,
1362,StaffofStriking,bludgeoning,1,0,
757,Warhammer+1,bludgeoning,1,0,
986,WishClub+1,bludgeoning,1,0,
852,WishMace+1,bludgeoning,1,0,
919,WishMaul+1,bludgeoning,1,0,
1053,WishQuarterstaff+1,bludgeoning,1,0,
1187,WishSling+1,bludgeoning,1,0,
785,WishWarhammer+1,bludgeoning,1,0,
959,Club-1,bludgeoning,-1,0,
825,Mace-1,bludgeoning,-1,0,
892,Maul-1,bludgeoning,-1,0,
1026,Quarterstaff-1,bludgeoning,-1,0,
1160,Sling-1,bludgeoning,-1,0,
758,Warhammer-1,bludgeoning,-1,0,
960,Club-2,bludgeoning,-2,0,
826,Mace-2,bludgeoning,-2,0,
893,Maul-2,bludgeoning,-2,0,
1027,Quarterstaff-2,bludgeoning,-2,0,
1161,Sling-2,bludgeoning,-2,0,
759,Warhammer-2,bludgeoning,-2,0,
1329,2HSpear+5,piercing,5,0,
1315,Charming2HSpear+5,piercing,5,0,
444,CharmingDagger+5,piercing,5,0,
377,CharmingHeavyXbow+5,piercing,5,0,
310,CharmingLightXbow+5,piercing,5,0,
243,CharmingLongbow+5,piercing,5,0,
176,CharmingShortbow+5,piercing,5,0,
511,CharmingShortsword+5,piercing,5,0,
1248,CharmingSpear+5,piercing,5,0,
458,Dagger+5,piercing,5,0,
1305,Draining2HSpear+5,piercing,5,0,
434,DrainingDagger+5,piercing,5,0,
367,DrainingHeavyXbow+5,piercing,5,0,
300,DrainingLightXbow+5,piercing,5,0,
233,DrainingLongbow+5,piercing,5,0,
166,DrainingShortbow+5,piercing,5,0,
501,DrainingShortsword+5,piercing,5,0,
1238,DrainingSpear+5,piercing,5,0,
1300,Flaming2HSpear+5,piercing,5,0,
429,FlamingDagger+5,piercing,5,0,
362,FlamingHeavyXbow+5,piercing,5,0,
295,FlamingLightXbow+5,piercing,5,0,
228,FlamingLongbow+5,piercing,5,0,
161,FlamingShortbow+5,piercing,5,0,
496,FlamingShortsword+5,piercing,5,0,
1233,FlamingSpear+5,piercing,5,0,
391,HeavyXbow+5,piercing,5,0,
1320,Light2HSpear+5,piercing,5,0,
449,LightDagger+5,piercing,5,0,
382,LightHeavyXbow+5,piercing,5,0,
315,LightLightXbow+5,piercing,5,0,
248,LightLongbow+5,piercing,5,0,
181,LightShortbow+5,piercing,5,0,
516,LightShortsword+5,piercing,5,0,
1253,LightSpear+5,piercing,5,0,
324,LightXbow+5,piercing,5,0,
257,Longbow+5,piercing,5,0,
1310,Seeker2HSpear+5,piercing,5,0,
439,SeekerDagger+5,piercing,5,0,
372,SeekerHeavyXbow+5,piercing,5,0,
305,SeekerLightXbow+5,piercing,5,0,
238,SeekerLongbow+5,piercing,5,0,
171,SeekerShortbow+5,piercing,5,0,
506,SeekerShortsword+5,piercing,5,0,
1243,SeekerSpear+5,piercing,5,0,
190,Shortbow+5,piercing,5,0,
525,Shortsword+5,piercing,5,0,
1262,Spear+5,piercing,5,0,
1325,Wish2HSpear+5,piercing,5,0,
454,WishDagger+5,piercing,5,0,
387,WishHeavyXbow+5,piercing,5,0,
320,WishLightXbow+5,piercing,5,0,
253,WishLongbow+5,piercing,5,0,
186,WishShortbow+5,piercing,5,0,
521,WishShortsword+5,piercing,5,0,
1258,WishSpear+5,piercing,5,0,
1328,2HSpear+4,piercing,4,0,
1314,Charming2HSpear+4,piercing,4,0,
443,CharmingDagger+4,piercing,4,0,
376,CharmingHeavyXbow+4,piercing,4,0,
309,CharmingLightXbow+4,piercing,4,0,
242,CharmingLongbow+4,piercing,4,0,
175,CharmingShortbow+4,piercing,4,0,
510,CharmingShortsword+4,piercing,4,0,
1247,CharmingSpear+4,piercing,4,0,
457,Dagger+4,piercing,4,0,
1304,Draining2HSpear+4,piercing,4,0,
433,DrainingDagger+4,piercing,4,0,
366,DrainingHeavyXbow+4,piercing,4,0,
299,DrainingLightXbow+4,piercing,4,0,
232,DrainingLongbow+4,piercing,4,0,
165,DrainingShortbow+4,piercing,4,0,
500,DrainingShortsword+4,piercing,4,0,
1237,DrainingSpear+4,piercing,4,0,
1299,Flaming2HSpear+4,piercing,4,0,
428,FlamingDagger+4,piercing,4,0,
361,FlamingHeavyXbow+4,piercing,4,0,
294,FlamingLightXbow+4,piercing,4,0,
227,FlamingLongbow+4,piercing,4,0,
160,FlamingShortbow+4,piercing,4,0,
495,FlamingShortsword+4,piercing,4,0,
1232,FlamingSpear+4,piercing,4,0,
390,HeavyXbow+4,piercing,4,0,
1319,Light2HSpear+4,piercing,4,0,
448,LightDagger+4,piercing,4,0,
381,LightHeavyXbow+4,piercing,4,0,
314,LightLightXbow+4,piercing,4,0,
247,LightLongbow+4,piercing,4,0,
180,LightShortbow+4,piercing,4,0,
515,LightShortsword+4,piercing,4,0,
1252,LightSpear+4,piercing,4,0,
323,LightXbow+4,piercing,4,0,
256,Longbow+4,piercing,4,0,
1309,Seeker2HSpear+4,piercing,4,0,
438,SeekerDagger+4,piercing,4,0,
371,SeekerHeavyXbow+4,piercing,4,0,
304,SeekerLightXbow+4,piercing,4,0,
237,SeekerLongbow+4,piercing,4,0,
170,SeekerShortbow+4,piercing,4,0,
505,SeekerShortsword+4,piercing,4,0,
1242,SeekerSpear+4,piercing,4,0,
189,Shortbow+4,piercing,4,0,
524,Shortsword+4,piercing,4,0,
1261,Spear+4,piercing,4,0,
1324,Wish2HSpear+4,piercing,4,0,
453,WishDagger+4,piercing,4,0,
386,WishHeavyXbow+4,piercing,4,0,
319,WishLightXbow+4,piercing,4,0,
252,WishLongbow+4,piercing,4,0,
185,WishShortbow+4,piercing,4,0,
520,WishShortsword+4,piercing,4,0,
1257,WishSpear+4,piercing,4,0,
1327,2HSpear+3,piercing,3,0,
1313,Charming2HSpear+3,piercing,3,0,
442,CharmingDagger+3,piercing,3,0,
375,CharmingHeavyXbow+3,piercing,3,0,
308,CharmingLightXbow+3,piercing,3,0,
241,CharmingLongbow+3,piercing,3,0,
174,CharmingShortbow+3,piercing,3,0,
509,CharmingShortsword+3,piercing,3,0,
1246,CharmingSpear+3,piercing,3,0,
456,Dagger+3,piercing,3,0,
1303,Draining2HSpear+3,piercing,3,0,
432,DrainingDagger+3,piercing,3,0,
365,DrainingHeavyXbow+3,piercing,3,0,
298,DrainingLightXbow+3,piercing,3,0,
231,DrainingLongbow+3,piercing,3,0,
164,DrainingShortbow+3,piercing,3,0,
499,DrainingShortsword+3,piercing,3,0,
1236,DrainingSpear+3,piercing,3,0,
1298,Flaming2HSpear+3,piercing,3,0,
427,FlamingDagger+3,piercing,3,0,
360,FlamingHeavyXbow+3,piercing,3,0,
293,FlamingLightXbow+3,piercing,3,0,
226,FlamingLongbow+3,piercing,3,0,
159,FlamingShortbow+3,piercing,3,0,
494,FlamingShortsword+3,piercing,3,0,
1231,FlamingSpear+3,piercing,3,0,
389,HeavyXbow+3,piercing,3,0,
1318,Light2HSpear+3,piercing,3,0,
447,LightDagger+3,piercing,3,0,
380,LightHeavyXbow+3,piercing,3,0,
313,LightLightXbow+3,piercing,3,0,
246,LightLongbow+3,piercing,3,0,
179,LightShortbow+3,piercing,3,0,
514,LightShortsword+3,piercing,3,0,
1251,LightSpear+3,piercing,3,0,
322,LightXbow+3,piercing,3,0,
255,Longbow+3,piercing,3,0,
1308,Seeker2HSpear+3,piercing,3,0,
437,SeekerDagger+3,piercing,3,0,
370,SeekerHeavyXbow+3,piercing,3,0,
303,SeekerLightXbow+3,piercing,3,0,
236,SeekerLongbow+3,piercing,3,0,
169,SeekerShortbow+3,piercing,3,0,
504,SeekerShortsword+3,piercing,3,0,
1241,SeekerSpear+3,piercing,3,0,
188,Shortbow+3,piercing,3,0,
523,Shortsword+3,piercing,3,0,
1260,Spear+3,piercing,3,0,
1323,Wish2HSpear+3,piercing,3,0,
452,WishDagger+3,piercing,3,0,
385,WishHeavyXbow+3,piercing,3,0,
318,WishLightXbow+3,piercing,3,0,
251,WishLongbow+3,piercing,3,0,
184,WishShortbow+3,piercing,3,0,
519,WishShortsword+3,piercing,3,0,
1256,WishSpear+3,piercing,3,0,
1326,2HSpear+2,piercing,2,0,
1312,Charming2HSpear+2,piercing,2,0,
441,CharmingDagger+2,piercing,2,0,
374,CharmingHeavyXbow+2,piercing,2,0,
307,CharmingLightXbow+2,piercing,2,0,
240,CharmingLongbow+2,piercing,2,0,
173,CharmingShortbow+2,piercing,2,0,
508,CharmingShortsword+2,piercing,2,0,
1245,CharmingSpear+2,piercing,2,0,
455,Dagger+2,piercing,2,0,
1302,Draining2HSpear+2,piercing,2,0,
431,DrainingDagger+2,piercing,2,0,
364,DrainingHeavyXbow+2,piercing,2,0,
297,DrainingLightXbow+2,piercing,2,0,
163,DrainingShortbow+2,piercing,2,0,
498,DrainingShortsword+2,piercing,2,0,
1235,DrainingSpear+2,piercing,2,0,
1297,Flaming2HSpear+2,piercing,2,0,
426,FlamingDagger+2,piercing,2,0,
359,FlamingHeavyXbow+2,piercing,2,0,
292,FlamingLightXbow+2,piercing,2,0,
225,FlamingLongbow+2,piercing,2,0,
158,FlamingShortbow+2,piercing,2,0,
493,FlamingShortsword+2,piercing,2,0,
1230,FlamingSpear+2,piercing,2,0,
388,HeavyXbow+2,piercing,2,0,
1317,Light2HSpear+2,piercing,2,0,
446,LightDagger+2,piercing,2,0,
379,LightHeavyXbow+2,piercing,2,0,
312,LightLightXbow+2,piercing,2,0,
245,LightLongbow+2,piercing,2,0,
178,LightShortbow+2,piercing,2,0,
513,LightShortsword+2,piercing,2,0,
1250,LightSpear+2,piercing,2,0,
321,LightXbow+2,piercing,2,0,
254,Longbow+2,piercing,2,0,
1307,Seeker2HSpear+2,piercing,2,0,
436,SeekerDagger+2,piercing,2,0,
369,SeekerHeavyXbow+2,piercing,2,0,
302,SeekerLightXbow+2,piercing,2,0,
235,SeekerLongbow+2,piercing,2,0,
168,SeekerShortbow+2,piercing,2,0,
503,SeekerShortsword+2,piercing,2,0,
1240,SeekerSpear+2,piercing,2,0,
187,Shortbow+2,piercing,2,0,
522,Shortsword+2,piercing,2,0,
1259,Spear+2,piercing,2,0,
1322,Wish2HSpear+2,piercing,2,0,
451,WishDagger+2,piercing,2,0,
384,WishHeavyXbow+2,piercing,2,0,
317,WishLightXbow+2,piercing,2,0,
250,WishLongbow+2,piercing,2,0,
183,WishShortbow+2,piercing,2,0,
518,WishShortsword+2,piercing,2,0,
1255,WishSpear+2,piercing,2,0,
1331,DragonSlayer2HSpear+3,piercing,1,3,dragon+3
460,DragonSlayerDagger+3,piercing,1,3,dragon+3
393,DragonSlayerHeavyXbow+3,piercing,1,3,dragon+3
326,DragonSlayerLightXbow+3,piercing,1,3,dragon+3
259,DragonSlayerLongbow+3,piercing,1,3,dragon+3
192,DragonSlayerShortbow+3,piercing,1,3,dragon+3
527,DragonSlayerShortsword+3,piercing,1,3,dragon+3
1264,DragonSlayerSpear+3,piercing,1,3,dragon+3
1335,DrainingDragonSlayer2HSpear+3,piercing,1,3,dragon+3
464,DrainingDragonSlayerDagger+3,piercing,1,3,dragon+3
397,DrainingDragonSlayerHeavyXbow+3,piercing,1,3,dragon+3
330,DrainingDragonSlayerLightXbow+3,piercing,1,3,dragon+3
263,DrainingDragonSlayerLongbow+3,piercing,1,3,dragon+3
196,DrainingDragonSlayerShortbow+3,piercing,1,3,dragon+3
531,DrainingDragonSlayerShortsword+3,piercing,1,3,dragon+3
1268,DrainingDragonSlayerSpear+3,piercing,1,3,dragon+3
1347,DrainingEnchantedSlayer2HSpear+3,piercing,1,3,enchanted+3
476,DrainingEnchantedSlayerDagger+3,piercing,1,3,enchanted+3
409,DrainingEnchantedSlayerHeavyXbow+3,piercing,1,3,enchanted+3
342,DrainingEnchantedSlayerLightXbow+3,piercing,1,3,enchanted+3
275,DrainingEnchantedSlayerLongbow+3,piercing,1,3,enchanted+3
208,DrainingEnchantedSlayerShortbow+3,piercing,1,3,enchanted+3
543,DrainingEnchantedSlayerShortsword+3,piercing,1,3,enchanted+3
1280,DrainingEnchantedSlayerSpear+3,piercing,1,3,enchanted+3
1353,DrainingRegeneratorSlayer2HSpear+3,piercing,1,3,enchanted+3
482,DrainingRegeneratorSlayerDagger+3,piercing,1,3,enchanted+3
415,DrainingRegeneratorSlayerHeavyXbow+3,piercing,1,3,enchanted+3
348,DrainingRegeneratorSlayerLightXbow+3,piercing,1,3,enchanted+3
281,DrainingRegeneratorSlayerLongbow+3,piercing,1,3,enchanted+3
214,DrainingRegeneratorSlayerShortbow+3,piercing,1,3,enchanted+3
549,DrainingRegeneratorSlayerShortsword+3,piercing,1,3,enchanted+3
1286,DrainingRegeneratorSlayerSpear+3,piercing,1,3,enchanted+3
1341,DrainingUndeadSlayer2HSpear+3,piercing,1,3,undead+3
470,DrainingUndeadSlayerDagger+3,piercing,1,3,undead+3
403,DrainingUndeadSlayerHeavyXbow+3,piercing,1,3,undead+3
336,DrainingUndeadSlayerLightXbow+3,piercing,1,3,undead+3
269,DrainingUndeadSlayerLongbow+3,piercing,1,3,undead+3
202,DrainingUndeadSlayerShortbow+3,piercing,1,3,undead+3
537,DrainingUndeadSlayerShortsword+3,piercing,1,3,undead+3
1274,DrainingUndeadSlayerSpear+3,piercing,1,3,undead+3
1359,DrainingWereSlayer2HSpear+3,piercing,1,3,lycanthrope+3
488,DrainingWereSlayerDagger+3,piercing,1,3,lycanthrope+3
421,DrainingWereSlayerHeavyXbow+3,piercing,1,3,lycanthrope+3
354,DrainingWereSlayerLightXbow+3,piercing,1,3,lycanthrope+3
287,DrainingWereSlayerLongbow+3,piercing,1,3,lycanthrope+3
220,DrainingWereSlayerShortbow+3,piercing,1,3,lycanthrope+3
555,DrainingWereSlayerShortsword+3,piercing,1,3,lycanthrope+3
1292,DrainingWereSlayerSpear+3,piercing,1,3,lycanthrope+3
1343,EnchantedSlayer2HSpear+3,piercing,1,3,enchanted+3
472,EnchantedSlayerDagger+3,piercing,1,3,enchanted+3
405,EnchantedSlayerHeavyXbow+3,piercing,1,3,enchanted+3
338,EnchantedSlayerLightXbow+3,piercing,1,3,enchanted+3
271,EnchantedSlayerLongbow+3,piercing,1,3,enchanted+3
204,EnchantedSlayerShortbow+3,piercing,1,3,enchanted+3
539,EnchantedSlayerShortsword+3,piercing,1,3,enchanted+3
1276,EnchantedSlayerSpear+3,piercing,1,3,enchanted+3
1333,FlamingDragonSlayer2HSpear+3,piercing,1,3,dragon+3
462,FlamingDragonSlayerDagger+3,piercing,1,3,dragon+3
395,FlamingDragonSlayerHeavyXbow+3,piercing,1,3,dragon+3
328,FlamingDragonSlayerLightXbow+3,piercing,1,3,dragon+3
261,FlamingDragonSlayerLongbow+3,piercing,1,3,dragon+3
194,FlamingDragonSlayerShortbow+3,piercing,1,3,dragon+3
529,FlamingDragonSlayerShortsword+3,piercing,1,3,dragon+3
1266,FlamingDragonSlayerSpear+3,piercing,1,3,dragon+3
1345,FlamingEnchantedSlayer2HSpear+3,piercing,1,3,enchanted+3
474,FlamingEnchantedSlayerDagger+3,piercing,1,3,enchanted+3
407,FlamingEnchantedSlayerHeavyXbow+3,piercing,1,3,enchanted+3
340,FlamingEnchantedSlayerLightXbow+3,piercing,1,3,enchanted+3
273,FlamingEnchantedSlayerLongbow+3,piercing,1,3,enchanted+3
206,FlamingEnchantedSlayerShortbow+3,piercing,1,3,enchanted+3
541,FlamingEnchantedSlayerShortsword+3,piercing,1,3,enchanted+3
1278,FlamingEnchantedSlayerSpear+3,piercing,1,3,enchanted+3
1351,FlamingRegeneratorSlayer2HSpear+3,piercing,1,3,ooze+3
480,FlamingRegeneratorSlayerDagger+3,piercing,1,3,ooze+3
413,FlamingRegeneratorSlayerHeavyXbow+3,piercing,1,3,ooze+3
346,FlamingRegeneratorSlayerLightXbow+3,piercing,1,3,ooze+3
279,FlamingRegeneratorSlayerLongbow+3,piercing,1,3,ooze+3
212,FlamingRegeneratorSlayerShortbow+3,piercing,1,3,ooze+3
547,FlamingRegeneratorSlayerShortsword+3,piercing,1,3,ooze+3
1284,FlamingRegeneratorSlayerSpear+3,piercing,1,3,ooze+3
1339,FlamingUndeadSlayer2HSpear+3,piercing,1,3,undead+3
468,FlamingUndeadSlayerDagger+3,piercing,1,3,undead+3
401,FlamingUndeadSlayerHeavyXbow+3,piercing,1,3,undead+3
334,FlamingUndeadSlayerLightXbow+3,piercing,1,3,undead+3
267,FlamingUndeadSlayerLongbow+3,piercing,1,3,undead+3
200,FlamingUndeadSlayerShortbow+3,piercing,1,3,undead+3
535,FlamingUndeadSlayerShortsword+3,piercing,1,3,undead+3
1272,FlamingUndeadSlayerSpear+3,piercing,1,3,undead+3
1357,FlamingWereSlayer2HSpear+3,piercing,1,3,lycanthrope+3
486,FlamingWereSlayerDagger+3,piercing,1,3,lycanthrope+3
419,FlamingWereSlayerHeavyXbow+3,piercing,1,3,lycanthrope+3
352,FlamingWereSlayerLightXbow+3,piercing,1,3,lycanthrope+3
285,FlamingWereSlayerLongbow+3,piercing,1,3,lycanthrope+3
218,FlamingWereSlayerShortbow+3,piercing,1,3,lycanthrope+3
553,FlamingWereSlayerShortsword+3,piercing,1,3,lycanthrope+3
1290,FlamingWereSlayerSpear+3,piercing,1,3,lycanthrope+3
1349,RegeneratorSlayer2HSpear+3,piercing,1,3,ooze+3
478,RegeneratorSlayerDagger+3,piercing,1,3,ooze+3
411,RegeneratorSlayerHeavyXbow+3,piercing,1,3,ooze+3
344,RegeneratorSlayerLightXbow+3,piercing,1,3,ooze+3
277,RegeneratorSlayerLongbow+3,piercing,1,3,ooze+3
210,RegeneratorSlayerShortbow+3,piercing,1,3,ooze+3
545,RegeneratorSlayerShortsword+3,piercing,1,3,ooze+3
1282,RegeneratorSlayerSpear+3,piercing,1,3,ooze+3
1337,UndeadSlayer2HSpear+3,piercing,1,3,undead+3
466,UndeadSlayerDagger+3,piercing,1,3,undead+3
399,UndeadSlayerHeavyXbow+3,piercing,1,3,undead+3
332,UndeadSlayerLightXbow+3,piercing,1,3,undead+3
265,UndeadSlayerLongbow+3,piercing,1,3,undead+3
198,UndeadSlayerShortbow+3,piercing,1,3,undead+3
533,UndeadSlayerShortsword+3,piercing,1,3,undead+3
1270,UndeadSlayerSpear+3,piercing,1,3,undead+3
1355,WereSlayer2HSpear+3,piercing,1,3,lycanthrope+3
484,WereSlayerDagger+3,piercing,1,3,lycanthrope+3
417,WereSlayerHeavyXbow+3,piercing,1,3,lycanthrope+3
350,WereSlayerLightXbow+3,piercing,1,3,lycanthrope+3
283,WereSlayerLongbow+3,piercing,1,3,lycanthrope+3
216,WereSlayerShortbow+3,piercing,1,3,lycanthrope+3
551,WereSlayerShortsword+3,piercing,1,3,lycanthrope+3
1288,WereSlayerSpear+3,piercing,1,3,lycanthrope+3
1330,DragonSlayer2HSpear+2,piercing,1,2,dragon+2
459,DragonSlayerDagger+2,piercing,1,2,dragon+2
392,DragonSlayerHeavyXbow+2,piercing,1,2,dragon+2
325,DragonSlayerLightXbow+2,piercing,1,2,dragon+2
258,DragonSlayerLongbow+2,piercing,1,2,dragon+2
191,DragonSlayerShortbow+2,piercing,1,2,dragon+2
526,DragonSlayerShortsword+2,piercing,1,2,dragon+2
1263,DragonSlayerSpear+2,piercing,1,2,dragon+2
1334,DrainingDragonSlayer2HSpear+2,piercing,1,2,dragon+2
463,DrainingDragonSlayerDagger+2,piercing,1,2,dragon+2
396,DrainingDragonSlayerHeavyXbow+2,piercing,1,2,dragon+2
329,DrainingDragonSlayerLightXbow+2,piercing,1,2,dragon+2
262,DrainingDragonSlayerLongbow+2,piercing,1,2,dragon+2
195,DrainingDragonSlayerShortbow+2,piercing,1,2,dragon+2
530,DrainingDragonSlayerShortsword+2,piercing,1,2,dragon+2
1267,DrainingDragonSlayerSpear+2,piercing,1,2,dragon+2
1346,DrainingEnchantedSlayer2HSpear+2,piercing,1,2,enchanted+2
475,DrainingEnchantedSlayerDagger+2,piercing,1,2,enchanted+2
408,DrainingEnchantedSlayerHeavyXbow+2,piercing,1,2,enchanted+2
341,DrainingEnchantedSlayerLightXbow+2,piercing,1,2,enchanted+2
274,DrainingEnchantedSlayerLongbow+2,piercing,1,2,enchanted+2
207,DrainingEnchantedSlayerShortbow+2,piercing,1,2,enchanted+2
542,DrainingEnchantedSlayerShortsword+2,piercing,1,2,enchanted+2
1279,DrainingEnchantedSlayerSpear+2,piercing,1,2,enchanted+2
1352,DrainingRegeneratorSlayer2HSpear+2,piercing,1,2,enchanted+2
481,DrainingRegeneratorSlayerDagger+2,piercing,1,2,enchanted+2
414,DrainingRegeneratorSlayerHeavyXbow+2,piercing,1,2,enchanted+2
347,DrainingRegeneratorSlayerLightXbow+2,piercing,1,2,enchanted+2
280,DrainingRegeneratorSlayerLongbow+2,piercing,1,2,enchanted+2
213,DrainingRegeneratorSlayerShortbow+2,piercing,1,2,enchanted+2
548,DrainingRegeneratorSlayerShortsword+2,piercing,1,2,enchanted+2
1285,DrainingRegeneratorSlayerSpear+2,piercing,1,2,enchanted+2
1340,DrainingUndeadSlayer2HSpear+2,piercing,1,2,undead+2
469,DrainingUndeadSlayerDagger+2,piercing,1,2,undead+2
402,DrainingUndeadSlayerHeavyXbow+2,piercing,1,2,undead+2
335,DrainingUndeadSlayerLightXbow+2,piercing,1,2,undead+2
268,DrainingUndeadSlayerLongbow+2,piercing,1,2,undead+2
201,DrainingUndeadSlayerShortbow+2,piercing,1,2,undead+2
536,DrainingUndeadSlayerShortsword+2,piercing,1,2,undead+2
1273,DrainingUndeadSlayerSpear+2,piercing,1,2,undead+2
1358,DrainingWereSlayer2HSpear+2,piercing,1,2,lycanthrope+2
487,DrainingWereSlayerDagger+2,piercing,1,2,lycanthrope+2
420,DrainingWereSlayerHeavyXbow+2,piercing,1,2,lycanthrope+2
353,DrainingWereSlayerLightXbow+2,piercing,1,2,lycanthrope+2
286,DrainingWereSlayerLongbow+2,piercing,1,2,lycanthrope+2
219,DrainingWereSlayerShortbow+2,piercing,1,2,lycanthrope+2
554,DrainingWereSlayerShortsword+2,piercing,1,2,lycanthrope+2
1291,DrainingWereSlayerSpear+2,piercing,1,2,lycanthrope+2
1342,EnchantedSlayer2HSpear+2,piercing,1,2,enchanted+2
471,EnchantedSlayerDagger+2,piercing,1,2,enchanted+2
404,EnchantedSlayerHeavyXbow+2,piercing,1,2,enchanted+2
337,EnchantedSlayerLightXbow+2,piercing,1,2,enchanted+2
270,EnchantedSlayerLongbow+2,piercing,1,2,enchanted+2
203,EnchantedSlayerShortbow+2,piercing,1,2,enchanted+2
538,EnchantedSlayerShortsword+2,piercing,1,2,enchanted+2
1275,EnchantedSlayerSpear+2,piercing,1,2,enchanted+2
1332,FlamingDragonSlayer2HSpear+2,piercing,1,2,dragon+2
461,FlamingDragonSlayerDagger+2,piercing,1,2,dragon+2
394,FlamingDragonSlayerHeavyXbow+2,piercing,1,2,dragon+2
327,FlamingDragonSlayerLightXbow+2,piercing,1,2,dragon+2
260,FlamingDragonSlayerLongbow+2,piercing,1,2,dragon+2
193,FlamingDragonSlayerShortbow+2,piercing,1,2,dragon+2
528,FlamingDragonSlayerShortsword+2,piercing,1,2,dragon+2
1265,FlamingDragonSlayerSpear+2,piercing,1,2,dragon+2
1344,FlamingEnchantedSlayer2HSpear+2,piercing,1,2,enchanted+2
473,FlamingEnchantedSlayerDagger+2,piercing,1,2,enchanted+2
406,FlamingEnchantedSlayerHeavyXbow+2,piercing,1,2,enchanted+2
339,FlamingEnchantedSlayerLightXbow+2,piercing,1,2,enchanted+2
272,FlamingEnchantedSlayerLongbow+2,piercing,1,2,enchanted+2
205,FlamingEnchantedSlayerShortbow+2,piercing,1,2,enchanted+2
540,FlamingEnchantedSlayerShortsword+2,piercing,1,2,enchanted+2
1277,FlamingEnchantedSlayerSpear+2,piercing,1,2,enchanted+2
1350,FlamingRegeneratorSlayer2HSpear+2,piercing,1,2,ooze+2
479,FlamingRegeneratorSlayerDagger+2,piercing,1,2,ooze+2
412,FlamingRegeneratorSlayerHeavyXbow+2,piercing,1,2,ooze+2
345,FlamingRegeneratorSlayerLightXbow+2,piercing,1,2,ooze+2
278,FlamingRegeneratorSlayerLongbow+2,piercing,1,2,ooze+2
211,FlamingRegeneratorSlayerShortbow+2,piercing,1,2,ooze+2
546,FlamingRegeneratorSlayerShortsword+2,piercing,1,2,ooze+2
1283,FlamingRegeneratorSlayerSpear+2,piercing,1,2,ooze+2
1338,FlamingUndeadSlayer2HSpear+2,piercing,1,2,undead+2
467,FlamingUndeadSlayerDagger+2,piercing,1,2,undead+2
400,FlamingUndeadSlayerHeavyXbow+2,piercing,1,2,undead+2
333,FlamingUndeadSlayerLightXbow+2,piercing,1,2,undead+2
266,FlamingUndeadSlayerLongbow+2,piercing,1,2,undead+2
199,FlamingUndeadSlayerShortbow+2,piercing,1,2,undead+2
534,FlamingUndeadSlayerShortsword+2,piercing,1,2,undead+2
1271,FlamingUndeadSlayerSpear+2,piercing,1,2,undead+2
1356,FlamingWereSlayer2HSpear+2,piercing,1,2,lycanthrope+2
485,FlamingWereSlayerDagger+2,piercing,1,2,lycanthrope+2
418,FlamingWereSlayerHeavyXbow+2,piercing,1,2,lycanthrope+2
351,FlamingWereSlayerLightXbow+2,piercing,1,2,lycanthrope+2
284,FlamingWereSlayerLongbow+2,piercing,1,2,lycanthrope+2
217,FlamingWereSlayerShortbow+2,piercing,1,2,lycanthrope+2
552,FlamingWereSlayerShortsword+2,piercing,1,2,lycanthrope+2
1289,FlamingWereSlayerSpear+2,piercing,1,2,lycanthrope+2
1348,RegeneratorSlayer2HSpear+2,piercing,1,2,ooze+2
410,RegeneratorSlayerHeavyXbow+2,piercing,1,2,ooze+2
343,RegeneratorSlayerLightXbow+2,piercing,1,2,ooze+2
276,RegeneratorSlayerLongbow+2,piercing,1,2,ooze+2
209,RegeneratorSlayerShortbow+2,piercing,1,2,ooze+2
544,RegeneratorSlayerShortsword+2,piercing,1,2,ooze+2
1281,RegeneratorSlayerSpear+2,piercing,1,2,ooze+2
1336,UndeadSlayer2HSpear+2,piercing,1,2,undead+2
465,UndeadSlayerDagger+2,piercing,1,2,undead+2
398,UndeadSlayerHeavyXbow+2,piercing,1,2,undead+2
331,UndeadSlayerLightXbow+2,piercing,1,2,undead+2
264,UndeadSlayerLongbow+2,piercing,1,2,undead+2
197,UndeadSlayerShortbow+2,piercing,1,2,undead+2
532,UndeadSlayerShortsword+2,piercing,1,2,undead+2
1269,UndeadSlayerSpear+2,piercing,1,2,undead+2
1354,WereSlayer2HSpear+2,piercing,1,2,lycanthrope+2
483,WereSlayerDagger+2,piercing,1,2,lycanthrope+2
416,WereSlayerHeavyXbow+2,piercing,1,2,lycanthrope+2
349,WereSlayerLightXbow+2,piercing,1,2,lycanthrope+2
282,WereSlayerLongbow+2,piercing,1,2,lycanthrope+2
215,WereSlayerShortbow+2,piercing,1,2,lycanthrope+2
550,WereSlayerShortsword+2,piercing,1,2,lycanthrope+2
1287,WereSlayerSpear+2,piercing,1,2,lycanthrope+2
1293,2HSpear+1,piercing,1,0,
1311,Charming2HSpear+1,piercing,1,0,
440,CharmingDagger+1,piercing,1,0,
373,CharmingHeavyXbow+1,piercing,1,0,
306,CharmingLightXbow+1,piercing,1,0,
239,CharmingLongbow+1,piercing,1,0,
172,CharmingShortbow+1,piercing,1,0,
507,CharmingShortsword+1,piercing,1,0,
1244,CharmingSpear+1,piercing,1,0,
422,Dagger+1,piercing,1,0,
1301,Draining2HSpear+1,piercing,1,0,
430,DrainingDagger+1,piercing,1,0,
363,DrainingHeavyXbow+1,piercing,1,0,
296,DrainingLightXbow+1,piercing,1,0,
229,DrainingLongbow+1,piercing,1,0,
162,DrainingShortbow+1,piercing,1,0,
497,DrainingShortsword+1,piercing,1,0,
1234,DrainingSpear+1,piercing,1,0,
1296,Flaming2HSpear+1,piercing,1,0,
425,FlamingDagger+1,piercing,1,0,
358,FlamingHeavyXbow+1,piercing,1,0,
291,FlamingLightXbow+1,piercing,1,0,
224,FlamingLongbow+1,piercing,1,0,
157,FlamingShortbow+1,piercing,1,0,
492,FlamingShortsword+1,piercing,1,0,
1229,FlamingSpear+1,piercing,1,0,
355,HeavyXbow+1,piercing,1,0,
1316,Light2HSpear+1,piercing,1,0,
445,LightDagger+1,piercing,1,0,
378,LightHeavyXbow+1,piercing,1,0,
311,LightLightXbow+1,piercing,1,0,
244,LightLongbow+1,piercing,1,0,
177,LightShortbow+1,piercing,1,0,
512,LightShortsword+1,piercing,1,0,
1249,LightSpear+1,piercing,1,0,
288,LightXbow+1,piercing,1,0,
221,Longbow+1,piercing,1,0,
1306,Seeker2HSpear+1,piercing,1,0,
435,SeekerDagger+1,piercing,1,0,
368,SeekerHeavyXbow+1,piercing,1,0,
301,SeekerLightXbow+1,piercing,1,0,
234,SeekerLongbow+1,piercing,1,0,
167,SeekerShortbow+1,piercing,1,0,
502,SeekerShortsword+1,piercing,1,0,
1239,SeekerSpear+1,piercing,1,0,
154,Shortbow+1,piercing,1,0,
489,Shortsword+1,piercing,1,0,
1226,Spear+1,piercing,1,0,
1321,Wish2HSpear+1,piercing,1,0,
450,WishDagger+1,piercing,1,0,
383,WishHeavyXbow+1,piercing,1,0,
316,WishLightXbow+1,piercing,1,0,
249,WishLongbow+1,piercing,1,0,
182,WishShortbow+1,piercing,1,0,
517,WishShortsword+1,piercing,1,0,
1254,WishSpear+1,piercing,1,0,
1294,2HSpear-1,piercing,-1,0,
423,Dagger-1,piercing,-1,0,
356,HeavyXbow-1,piercing,-1,0,
289,LightXbow-1,piercing,-1,0,
222,Longbow-1,piercing,-1,0,
155,Shortbow-1,piercing,-1,0,
490,Shortsword-1,piercing,-1,0,
1227,Spear-1,piercing,-1,0,
1295,2HSpear-2,piercing,-2,0,
424,Dagger-2,piercing,-2,0,
357,HeavyXbow-2,piercing,-2,0,
290,LightXbow-2,piercing,-2,0,
223,Longbow-2,piercing,-2,0,
156,Shortbow-2,piercing,-2,0,
491,Shortsword-2,piercing,-2,0,
1228,Spear-2,piercing,-2,0,
7,CursedShield,shield,0,0,
16,Shield,shield,0,0,
17,Shield+1,shield,0,0,
18,Shield+2,shield,0,0,
19,Shield+3,shield,0,0,
123,BattleAxe+5,slashing,5,0,
109,CharmingBattleAxe+5,slashing,5,0,
712,CharmingGreatAxe+5,slashing,5,0,
645,CharmingGreatsword+5,slashing,5,0,
42,CharmingHandAxe+5,slashing,5,0,
578,CharmingLongsword+5,slashing,5,0,
1114,CharmingPolearm+5,slashing,5,0,
99,DrainingBattleAxe+5,slashing,5,0,
702,DrainingGreatAxe+5,slashing,5,0,
635,DrainingGreatsword+5,slashing,5,0,
32,DrainingHandAxe+5,slashing,5,0,
568,DrainingLongsword+5,slashing,5,0,
1104,DrainingPolearm+5,slashing,5,0,
94,FlamingBattleAxe+5,slashing,5,0,
697,FlamingGreatAxe+5,slashing,5,0,
630,FlamingGreatsword+5,slashing,5,0,
27,FlamingHandAxe+5,slashing,5,0,
563,FlamingLongsword+5,slashing,5,0,
1099,FlamingPolearm+5,slashing,5,0,
726,GreatAxe+5,slashing,5,0,
659,Greatsword+5,slashing,5,0,
56,HandAxe+5,slashing,5,0,
114,LightBattleAxe+5,slashing,5,0,
717,LightGreatAxe+5,slashing,5,0,
650,LightGreatsword+5,slashing,5,0,
47,LightHandAxe+5,slashing,5,0,
583,LightLongsword+5,slashing,5,0,
1119,LightPolearm+5,slashing,5,0,
592,Longsword+5,slashing,5,0,
1128,Polearm+5,slashing,5,0,
104,SeekerBattleAxe+5,slashing,5,0,
707,SeekerGreatAxe+5,slashing,5,0,
640,SeekerGreatsword+5,slashing,5,0,
37,SeekerHandAxe+5,slashing,5,0,
573,SeekerLongsword+5,slashing,5,0,
1109,SeekerPolearm+5,slashing,5,0,
119,WishBattleAxe+5,slashing,5,0,
722,WishGreatAxe+5,slashing,5,0,
655,WishGreatsword+5,slashing,5,0,
52,WishHandAxe+5,slashing,5,0,
588,WishLongsword+5,slashing,5,0,
1124,WishPolearm+5,slashing,5,0,
122,BattleAxe+4,slashing,4,0,
108,CharmingBattleAxe+4,slashing,4,0,
711,CharmingGreatAxe+4,slashing,4,0,
644,CharmingGreatsword+4,slashing,4,0,
41,CharmingHandAxe+4,slashing,4,0,
577,CharmingLongsword+4,slashing,4,0,
1113,CharmingPolearm+4,slashing,4,0,
98,DrainingBattleAxe+4,slashing,4,0,
701,DrainingGreatAxe+4,slashing,4,0,
634,DrainingGreatsword+4,slashing,4,0,
31,DrainingHandAxe+4,slashing,4,0,
567,DrainingLongsword+4,slashing,4,0,
1103,DrainingPolearm+4,slashing,4,0,
93,FlamingBattleAxe+4,slashing,4,0,
696,FlamingGreatAxe+4,slashing,4,0,
629,FlamingGreatsword+4,slashing,4,0,
26,FlamingHandAxe+4,slashing,4,0,
562,FlamingLongsword+4,slashing,4,0,
1098,FlamingPolearm+4,slashing,4,0,
725,GreatAxe+4,slashing,4,0,
658,Greatsword+4,slashing,4,0,
55,HandAxe+4,slashing,4,0,
113,LightBattleAxe+4,slashing,4,0,
716,LightGreatAxe+4,slashing,4,0,
649,LightGreatsword+4,slashing,4,0,
46,LightHandAxe+4,slashing,4,0,
582,LightLongsword+4,slashing,4,0,
1118,LightPolearm+4,slashing,4,0,
591,Longsword+4,slashing,4,0,
1127,Polearm+4,slashing,4,0,
103,SeekerBattleAxe+4,slashing,4,0,
706,SeekerGreatAxe+4,slashing,4,0,
639,SeekerGreatsword+4,slashing,4,0,
36,SeekerHandAxe+4,slashing,4,0,
572,SeekerLongsword+4,slashing,4,0,
1108,SeekerPolearm+4,slashing,4,0,
118,WishBattleAxe+4,slashing,4,0,
721,WishGreatAxe+4,slashing,4,0,
654,WishGreatsword+4,slashing,4,0,
51,WishHandAxe+4,slashing,4,0,
587,WishLongsword+4,slashing,4,0,
1123,WishPolearm+4,slashing,4,0,
121,BattleAxe+3,slashing,3,0,
107,CharmingBattleAxe+3,slashing,3,0,
710,CharmingGreatAxe+3,slashing,3,0,
643,CharmingGreatsword+3,slashing,3,0,
40,CharmingHandAxe+3,slashing,3,0,
576,CharmingLongsword+3,slashing,3,0,
1112,CharmingPolearm+3,slashing,3,0,
97,DrainingBattleAxe+3,slashing,3,0,
700,DrainingGreatAxe+3,slashing,3,0,
633,DrainingGreatsword+3,slashing,3,0,
30,DrainingHandAxe+3,slashing,3,0,
566,DrainingLongsword+3,slashing,3,0,
1102,DrainingPolearm+3,slashing,3,0,
92,FlamingBattleAxe+3,slashing,3,0,
695,FlamingGreatAxe+3,slashing,3,0,
628,FlamingGreatsword+3,slashing,3,0,
25,FlamingHandAxe+3,slashing,3,0,
561,FlamingLongsword+3,slashing,3,0,
1097,FlamingPolearm+3,slashing,3,0,
724,GreatAxe+3,slashing,3,0,
657,Greatsword+3,slashing,3,0,
54,HandAxe+3,slashing,3,0,
112,LightBattleAxe+3,slashing,3,0,
715,LightGreatAxe+3,slashing,3,0,
648,LightGreatsword+3,slashing,3,0,
45,LightHandAxe+3,slashing,3,0,
581,LightLongsword+3,slashing,3,0,
1117,LightPolearm+3,slashing,3,0,
590,Longsword+3,slashing,3,0,
1126,Polearm+3,slashing,3,0,
102,SeekerBattleAxe+3,slashing,3,0,
705,SeekerGreatAxe+3,slashing,3,0,
638,SeekerGreatsword+3,slashing,3,0,
35,SeekerHandAxe+3,slashing,3,0,
571,SeekerLongsword+3,slashing,3,0,
1107,SeekerPolearm+3,slashing,3,0,
117,WishBattleAxe+3,slashing,3,0,
720,WishGreatAxe+3,slashing,3,0,
653,WishGreatsword+3,slashing,3,0,
50,WishHandAxe+3,slashing,3,0,
586,WishLongsword+3,slashing,3,0,
1122,WishPolearm+3,slashing,3,0,
120,BattleAxe+2,slashing,2,0,
106,CharmingBattleAxe+2,slashing,2,0,
709,CharmingGreatAxe+2,slashing,2,0,
642,CharmingGreatsword+2,slashing,2,0,
39,CharmingHandAxe+2,slashing,2,0,
575,CharmingLongsword+2,slashing,2,0,
1111,CharmingPolearm+2,slashing,2,0,
96,DrainingBattleAxe+2,slashing,2,0,
699,DrainingGreatAxe+2,slashing,2,0,
632,DrainingGreatsword+2,slashing,2,0,
29,DrainingHandAxe+2,slashing,2,0,
565,DrainingLongsword+2,slashing,2,0,
1101,DrainingPolearm+2,slashing,2,0,
91,FlamingBattleAxe+2,slashing,2,0,
694,FlamingGreatAxe+2,slashing,2,0,
627,FlamingGreatsword+2,slashing,2,0,
24,FlamingHandAxe+2,slashing,2,0,
560,FlamingLongsword+2,slashing,2,0,
1096,FlamingPolearm+2,slashing,2,0,
723,GreatAxe+2,slashing,2,0,
656,Greatsword+2,slashing,2,0,
53,HandAxe+2,slashing,2,0,
111,LightBattleAxe+2,slashing,2,0,
714,LightGreatAxe+2,slashing,2,0,
647,LightGreatsword+2,slashing,2,0,
44,LightHandAxe+2,slashing,2,0,
580,LightLongsword+2,slashing,2,0,
1116,LightPolearm+2,slashing,2,0,
589,Longsword+2,slashing,2,0,
1125,Polearm+2,slashing,2,0,
101,SeekerBattleAxe+2,slashing,2,0,
704,SeekerGreatAxe+2,slashing,2,0,
637,SeekerGreatsword+2,slashing,2,0,
34,SeekerHandAxe+2,slashing,2,0,
570,SeekerLongsword+2,slashing,2,0,
1106,SeekerPolearm+2,slashing,2,0,
116,WishBattleAxe+2,slashing,2,0,
719,WishGreatAxe+2,slashing,2,0,
652,WishGreatsword+2,slashing,2,0,
49,WishHandAxe+2,slashing,2,0,
585,WishLongsword+2,slashing,2,0,
1121,WishPolearm+2,slashing,2,0,
125,DragonSlayerBattleAxe+3,slashing,1,3,dragon+3
728,DragonSlayerGreatAxe+3,slashing,1,3,dragon+3
661,DragonSlayerGreatsword+3,slashing,1,3,dragon+3
58,DragonSlayerHandAxe+3,slashing,1,3,dragon+3
594,DragonSlayerLongsword+3,slashing,1,3,dragon+3
1130,DragonSlayerPolearm+3,slashing,1,3,dragon+3
129,DrainingDragonSlayerBattleAxe+3,slashing,1,3,dragon+3
732,DrainingDragonSlayerGreatAxe+3,slashing,1,3,dragon+3
665,DrainingDragonSlayerGreatsword+3,slashing,1,3,dragon+3
62,DrainingDragonSlayerHandAxe+3,slashing,1,3,dragon+3
598,DrainingDragonSlayerLongsword+3,slashing,1,3,dragon+3
1134,DrainingDragonSlayerPolearm+3,slashing,1,3,dragon+3
141,DrainingEnchantedSlayerBattleAxe+3,slashing,1,3,enchanted+3
744,DrainingEnchantedSlayerGreatAxe+3,slashing,1,3,enchanted+3
677,DrainingEnchantedSlayerGreatsword+3,slashing,1,3,enchanted+3
74,DrainingEnchantedSlayerHandAxe+3,slashing,1,3,enchanted+3
610,DrainingEnchantedSlayerLongsword+3,slashing,1,3,enchanted+3
1146,DrainingEnchantedSlayerPolearm+3,slashing,1,3,enchanted+3
147,DrainingRegeneratorSlayerBattleAxe+3,slashing,1,3,enchanted+3
750,DrainingRegeneratorSlayerGreatAxe+3,slashing,1,3,enchanted+3
683,DrainingRegeneratorSlayerGreatsword+3,slashing,1,3,enchanted+3
80,DrainingRegeneratorSlayerHandAxe+3,slashing,1,3,enchanted+3
616,DrainingRegeneratorSlayerLongsword+3,slashing,1,3,enchanted+3
1152,DrainingRegeneratorSlayerPolearm+3,slashing,1,3,enchanted+3
135,DrainingUndeadSlayerBattleAxe+3,slashing,1,3,undead+3
738,DrainingUndeadSlayerGreatAxe+3,slashing,1,3,undead+3
671,DrainingUndeadSlayerGreatsword+3,slashing,1,3,undead+3
68,DrainingUndeadSlayerHandAxe+3,slashing,1,3,undead+3
604,DrainingUndeadSlayerLongsword+3,slashing,1,3,undead+3
1140,DrainingUndeadSlayerPolearm+3,slashing,1,3,undead+3
153,DrainingWereSlayerBattleAxe+3,slashing,1,3,lycanthrope+3
756,DrainingWereSlayerGreatAxe+3,slashing,1,3,lycanthrope+3
689,DrainingWereSlayerGreatsword+3,slashing,1,3,lycanthrope+3
86,DrainingWereSlayerHandAxe+3,slashing,1,3,lycanthrope+3
622,DrainingWereSlayerLongsword+3,slashing,1,3,lycanthrope+3
1158,DrainingWereSlayerPolearm+3,slashing,1,3,lycanthrope+3
137,EnchantedSlayerBattleAxe+3,slashing,1,3,enchanted+3
740,EnchantedSlayerGreatAxe+3,slashing,1,3,enchanted+3
673,EnchantedSlayerGreatsword+3,slashing,1,3,enchanted+3
70,EnchantedSlayerHandAxe+3,slashing,1,3,enchanted+3
606,EnchantedSlayerLongsword+3,slashing,1,3,enchanted+3
1142,EnchantedSlayerPolearm+3,slashing,1,3,enchanted+3
127,FlamingDragonSlayerBattleAxe+3,slashing,1,3,dragon+3
730,FlamingDragonSlayerGreatAxe+3,slashing,1,3,dragon+3
663,FlamingDragonSlayerGreatsword+3,slashing,1,3,dragon+3
60,FlamingDragonSlayerHandAxe+3,slashing,1,3,dragon+3
596,FlamingDragonSlayerLongsword+3,slashing,1,3,dragon+3
1132,FlamingDragonSlayerPolearm+3,slashing,1,3,dragon+3
139,FlamingEnchantedSlayerBattleAxe+3,slashing,1,3,enchanted+3
742,FlamingEnchantedSlayerGreatAxe+3,slashing,1,3,enchanted+3
675,FlamingEnchantedSlayerGreatsword+3,slashing,1,3,enchanted+3
72,FlamingEnchantedSlayerHandAxe+3,slashing,1,3,enchanted+3
608,FlamingEnchantedSlayerLongsword+3,slashing,1,3,enchanted+3
1144,FlamingEnchantedSlayerPolearm+3,slashing,1,3,enchanted+3
145,FlamingRegeneratorSlayerBattleAxe+3,slashing,1,3,ooze+3
748,FlamingRegeneratorSlayerGreatAxe+3,slashing,1,3,ooze+3
681,FlamingRegeneratorSlayerGreatsword+3,slashing,1,3,ooze+3
78,FlamingRegeneratorSlayerHandAxe+3,slashing,1,3,ooze+3
614,FlamingRegeneratorSlayerLongsword+3,slashing,1,3,ooze+3
1150,FlamingRegeneratorSlayerPolearm+3,slashing,1,3,ooze+3
133,FlamingUndeadSlayerBattleAxe+3,slashing,1,3,undead+3
736,FlamingUndeadSlayerGreatAxe+3,slashing,1,3,undead+3
669,FlamingUndeadSlayerGreatsword+3,slashing,1,3,undead+3
66,FlamingUndeadSlayerHandAxe+3,slashing,1,3,undead+3
602,FlamingUndeadSlayerLongsword+3,slashing,1,3,undead+3
1138,FlamingUndeadSlayerPolearm+3,slashing,1,3,undead+3
151,FlamingWereSlayerBattleAxe+3,slashing,1,3,lycanthrope+3
754,FlamingWereSlayerGreatAxe+3,slashing,1,3,lycanthrope+3
687,FlamingWereSlayerGreatsword+3,slashing,1,3,lycanthrope+3
84,FlamingWereSlayerHandAxe+3,slashing,1,3,lycanthrope+3
620,FlamingWereSlayerLongsword+3,slashing,1,3,lycanthrope+3
1156,FlamingWereSlayerPolearm+3,slashing,1,3,lycanthrope+3
143,RegeneratorSlayerBattleAxe+3,slashing,1,3,ooze+3
746,RegeneratorSlayerGreatAxe+3,slashing,1,3,ooze+3
679,RegeneratorSlayerGreatsword+3,slashing,1,3,ooze+3
76,RegeneratorSlayerHandAxe+3,slashing,1,3,ooze+3
612,RegeneratorSlayerLongsword+3,slashing,1,3,ooze+3
1148,RegeneratorSlayerPolearm+3,slashing,1,3,ooze+3
131,UndeadSlayerBattleAxe+3,slashing,1,3,undead+3
734,UndeadSlayerGreatAxe+3,slashing,1,3,undead+3
667,UndeadSlayerGreatsword+3,slashing,1,3,undead+3
64,UndeadSlayerHandAxe+3,slashing,1,3,undead+3
600,UndeadSlayerLongsword+3,slashing,1,3,undead+3
1136,UndeadSlayerPolearm+3,slashing,1,3,undead+3
149,WereSlayerBattleAxe+3,slashing,1,3,lycanthrope+3
752,WereSlayerGreatAxe+3,slashing,1,3,lycanthrope+3
685,WereSlayerGreatsword+3,slashing,1,3,lycanthrope+3
82,WereSlayerHandAxe+3,slashing,1,3,lycanthrope+3
618,WereSlayerLongsword+3,slashing,1,3,lycanthrope+3
1154,WereSlayerPolearm+3,slashing,1,3,lycanthrope+3
124,DragonSlayerBattleAxe+2,slashing,1,2,dragon+2
727,DragonSlayerGreatAxe+2,slashing,1,2,dragon+2
660,DragonSlayerGreatsword+2,slashing,1,2,dragon+2
57,DragonSlayerHandAxe+2,slashing,1,2,dragon+2
593,DragonSlayerLongsword+2,slashing,1,2,dragon+2
1129,DragonSlayerPolearm+2,slashing,1,2,dragon+2
128,DrainingDragonSlayerBattleAxe+2,slashing,1,2,dragon+2
731,DrainingDragonSlayerGreatAxe+2,slashing,1,2,dragon+2
664,DrainingDragonSlayerGreatsword+2,slashing,1,2,dragon+2
61,DrainingDragonSlayerHandAxe+2,slashing,1,2,dragon+2
597,DrainingDragonSlayerLongsword+2,slashing,1,2,dragon+2
1133,DrainingDragonSlayerPolearm+2,slashing,1,2,dragon+2
140,DrainingEnchantedSlayerBattleAxe+2,slashing,1,2,enchanted+2
743,DrainingEnchantedSlayerGreatAxe+2,slashing,1,2,enchanted+2
676,DrainingEnchantedSlayerGreatsword+2,slashing,1,2,enchanted+2
73,DrainingEnchantedSlayerHandAxe+2,slashing,1,2,enchanted+2
609,DrainingEnchantedSlayerLongsword+2,slashing,1,2,enchanted+2
1145,DrainingEnchantedSlayerPolearm+2,slashing,1,2,enchanted+2
146,DrainingRegeneratorSlayerBattleAxe+2,slashing,1,2,enchanted+2
749,DrainingRegeneratorSlayerGreatAxe+2,slashing,1,2,enchanted+2
682,DrainingRegeneratorSlayerGreatsword+2,slashing,1,2,enchanted+2
79,DrainingRegeneratorSlayerHandAxe+2,slashing,1,2,enchanted+2
615,DrainingRegeneratorSlayerLongsword+2,slashing,1,2,enchanted+2
1151,DrainingRegeneratorSlayerPolearm+2,slashing,1,2,enchanted+2
134,DrainingUndeadSlayerBattleAxe+2,slashing,1,2,undead+2
737,DrainingUndeadSlayerGreatAxe+2,slashing,1,2,undead+2
670,DrainingUndeadSlayerGreatsword+2,slashing,1,2,undead+2
67,DrainingUndeadSlayerHandAxe+2,slashing,1,2,undead+2
603,DrainingUndeadSlayerLongsword+2,slashing,1,2,undead+2
1139,DrainingUndeadSlayerPolearm+2,slashing,1,2,undead+2
152,DrainingWereSlayerBattleAxe+2,slashing,1,2,lycanthrope+2
755,DrainingWereSlayerGreatAxe+2,slashing,1,2,lycanthrope+2
688,DrainingWereSlayerGreatsword+2,slashing,1,2,lycanthrope+2
85,DrainingWereSlayerHandAxe+2,slashing,1,2,lycanthrope+2
621,DrainingWereSlayerLongsword+2,slashing,1,2,lycanthrope+2
1157,DrainingWereSlayerPolearm+2,slashing,1,2,lycanthrope+2
136,EnchantedSlayerBattleAxe+2,slashing,1,2,enchanted+2
739,EnchantedSlayerGreatAxe+2,slashing,1,2,enchanted+2
672,EnchantedSlayerGreatsword+2,slashing,1,2,enchanted+2
69,EnchantedSlayerHandAxe+2,slashing,1,2,enchanted+2
605,EnchantedSlayerLongsword+2,slashing,1,2,enchanted+2
1141,EnchantedSlayerPolearm+2,slashing,1,2,enchanted+2
126,FlamingDragonSlayerBattleAxe+2,slashing,1,2,dragon+2
729,FlamingDragonSlayerGreatAxe+2,slashing,1,2,dragon+2
662,FlamingDragonSlayerGreatsword+2,slashing,1,2,dragon+2
59,FlamingDragonSlayerHandAxe+2,slashing,1,2,dragon+2
595,FlamingDragonSlayerLongsword+2,slashing,1,2,dragon+2
1131,FlamingDragonSlayerPolearm+2,slashing,1,2,dragon+2
138,FlamingEnchantedSlayerBattleAxe+2,slashing,1,2,enchanted+2
741,FlamingEnchantedSlayerGreatAxe+2,slashing,1,2,enchanted+2
674,FlamingEnchantedSlayerGreatsword+2,slashing,1,2,enchanted+2
71,FlamingEnchantedSlayerHandAxe+2,slashing,1,2,enchanted+2
607,FlamingEnchantedSlayerLongsword+2,slashing,1,2,enchanted+2
1143,FlamingEnchantedSlayerPolearm+2,slashing,1,2,enchanted+2
144,FlamingRegeneratorSlayerBattleAxe+2,slashing,1,2,ooze+2
747,FlamingRegeneratorSlayerGreatAxe+2,slashing,1,2,ooze+2
680,FlamingRegeneratorSlayerGreatsword+2,slashing,1,2,ooze+2
77,FlamingRegeneratorSlayerHandAxe+2,slashing,1,2,ooze+2
613,FlamingRegeneratorSlayerLongsword+2,slashing,1,2,ooze+2
1149,FlamingRegeneratorSlayerPolearm+2,slashing,1,2,ooze+2
132,FlamingUndeadSlayerBattleAxe+2,slashing,1,2,undead+2
735,FlamingUndeadSlayerGreatAxe+2,slashing,1,2,undead+2
668,FlamingUndeadSlayerGreatsword+2,slashing,1,2,undead+2
65,FlamingUndeadSlayerHandAxe+2,slashing,1,2,undead+2
601,FlamingUndeadSlayerLongsword+2,slashing,1,2,undead+2
1137,FlamingUndeadSlayerPolearm+2,slashing,1,2,undead+2
150,FlamingWereSlayerBattleAxe+2,slashing,1,2,lycanthrope+2
753,FlamingWereSlayerGreatAxe+2,slashing,1,2,lycanthrope+2
686,FlamingWereSlayerGreatsword+2,slashing,1,2,lycanthrope+2
83,FlamingWereSlayerHandAxe+2,slashing,1,2,lycanthrope+2
619,FlamingWereSlayerLongsword+2,slashing,1,2,lycanthrope+2
1155,FlamingWereSlayerPolearm+2,slashing,1,2,lycanthrope+2
142,RegeneratorSlayerBattleAxe+2,slashing,1,2,ooze+2
745,RegeneratorSlayerGreatAxe+2,slashing,1,2,ooze+2
678,RegeneratorSlayerGreatsword+2,slashing,1,2,ooze+2
75,RegeneratorSlayerHandAxe+2,slashing,1,2,ooze+2
611,RegeneratorSlayerLongsword+2,slashing,1,2,ooze+2
1147,RegeneratorSlayerPolearm+2,slashing,1,2,ooze+2
130,UndeadSlayerBattleAxe+2,slashing,1,2,undead+2
733,UndeadSlayerGreatAxe+2,slashing,1,2,undead+2
666,UndeadSlayerGreatsword+2,slashing,1,2,undead+2
63,UndeadSlayerHandAxe+2,slashing,1,2,undead+2
599,UndeadSlayerLongsword+2,slashing,1,2,undead+2
1135,UndeadSlayerPolearm+2,slashing,1,2,undead+2
148,WereSlayerBattleAxe+2,slashing,1,2,lycanthrope+2
751,WereSlayerGreatAxe+2,slashing,1,2,lycanthrope+2
684,WereSlayerGreatsword+2,slashing,1,2,lycanthrope+2
81,WereSlayerHandAxe+2,slashing,1,2,lycanthrope+2
617,WereSlayerLongsword+2,slashing,1,2,lycanthrope+2
1153,WereSlayerPolearm+2,slashing,1,2,lycanthrope+2
87,BattleAxe+1,slashing,1,0,
105,CharmingBattleAxe+1,slashing,1,0,
708,CharmingGreatAxe+1,slashing,1,0,
641,CharmingGreatsword+1,slashing,1,0,
38,CharmingHandAxe+1,slashing,1,0,
574,CharmingLongsword+1,slashing,1,0,
1110,CharmingPolearm+1,slashing,1,0,
95,DrainingBattleAxe+1,slashing,1,0,
698,DrainingGreatAxe+1,slashing,1,0,
631,DrainingGreatsword+1,slashing,1,0,
28,DrainingHandAxe+1,slashing,1,0,
564,DrainingLongsword+1,slashing,1,0,
1100,DrainingPolearm+1,slashing,1,0,
90,FlamingBattleAxe+1,slashing,1,0,
693,FlamingGreatAxe+1,slashing,1,0,
626,FlamingGreatsword+1,slashing,1,0,
23,FlamingHandAxe+1,slashing,1,0,
559,FlamingLongsword+1,slashing,1,0,
1095,FlamingPolearm+1,slashing,1,0,
690,GreatAxe+1,slashing,1,0,
623,Greatsword+1,slashing,1,0,
20,HandAxe+1,slashing,1,0,
110,LightBattleAxe+1,slashing,1,0,
713,LightGreatAxe+1,slashing,1,0,
646,LightGreatsword+1,slashing,1,0,
43,LightHandAxe+1,slashing,1,0,
579,LightLongsword+1,slashing,1,0,
1115,LightPolearm+1,slashing,1,0,
556,Longsword+1,slashing,1,0,
1092,Polearm+1,slashing,1,0,
100,SeekerBattleAxe+1,slashing,1,0,
703,SeekerGreatAxe+1,slashing,1,0,
636,SeekerGreatsword+1,slashing,1,0,
33,SeekerHandAxe+1,slashing,1,0,
569,SeekerLongsword+1,slashing,1,0,
1105,SeekerPolearm+1,slashing,1,0,
115,WishBattleAxe+1,slashing,1,0,
718,WishGreatAxe+1,slashing,1,0,
651,WishGreatsword+1,slashing,1,0,
48,WishHandAxe+1,slashing,1,0,
584,WishLongsword+1,slashing,1,0,
1120,WishPolearm+1,slashing,1,0,
88,BattleAxe-1,slashing,-1,0,
691,GreatAxe-1,slashing,-1,0,
624,Greatsword-1,slashing,-1,0,
21,HandAxe-1,slashing,-1,0,
557,Longsword-1,slashing,-1,0,
1093,Polearm-1,slashing,-1,0,
89,BattleAxe-2,slashing,-2,0,
692,GreatAxe-2,slashing,-2,0,
625,Greatsword-2,slashing,-2,0,
22,HandAxe-2,slashing,-2,0,
558,Longsword-2,slashing,-2,0,
1094,Polearm-2,slashing,-2,0,
230,DrainingLongbow+2,weapon,2,0,
955,FlamingWereSlayerMaul+3,weapon,1,3,lycanthrope+3
477,RegeneratorSlayerDagger+2,weapon,1,2,ooze+2
